<?xml version="1.0" encoding="UTF-8"?>
<project-private xmlns="http://www.netbeans.org/ns/project-private/1">
    <editor-bookmarks xmlns="http://www.netbeans.org/ns/editor-bookmarks/2" lastBookmarkId="0"/>
    <open-files xmlns="http://www.netbeans.org/ns/projectui-open-files/2">
        <group>
            <file>file:/Users/mauro.hemerly/NetBeansProjects/ListaSimplesmenteLigada/src/classes/ListaLigada.java</file>
            <file>file:/Users/mauro.hemerly/NetBeansProjects/ListaSimplesmenteLigada/src/principal/UsaListaLigada.java</file>
            <file>file:/Users/mauro.hemerly/NetBeansProjects/ListaSimplesmenteLigada/src/classes/Produto.java</file>
            <file>file:/Users/mauro.hemerly/NetBeansProjects/ListaSimplesmenteLigada/src/principal/UsaPilha.java</file>
            <file>file:/Users/mauro.hemerly/NetBeansProjects/ListaSimplesmenteLigada/src/classes/No.java</file>
            <file>file:/Users/mauro.hemerly/NetBeansProjects/ListaSimplesmenteLigada/src/classes/Fila.java</file>
            <file>file:/Users/mauro.hemerly/NetBeansProjects/ListaSimplesmenteLigada/src/principal/UsaFila.java</file>
            <file>file:/Users/mauro.hemerly/NetBeansProjects/ListaSimplesmenteLigada/src/classes/Pilha.java</file>
        </group>
    </open-files>
</project-private>
