<?xml version="1.0" encoding="UTF-8"?>
<project-private xmlns="http://www.netbeans.org/ns/project-private/1">
    <editor-bookmarks xmlns="http://www.netbeans.org/ns/editor-bookmarks/2" lastBookmarkId="0"/>
    <open-files xmlns="http://www.netbeans.org/ns/projectui-open-files/2">
        <group>
            <file>file:/Users/mauro.hemerly/NetBeansProjects/ModificadoresAcesso/src/pacote/Um/ClasseA.java</file>
            <file>file:/Users/mauro.hemerly/NetBeansProjects/ModificadoresAcesso/src/pacote/Um/ClasseC.java</file>
            <file>file:/Users/mauro.hemerly/NetBeansProjects/ModificadoresAcesso/src/pacote/dois/ClasseD.java</file>
            <file>file:/Users/mauro.hemerly/NetBeansProjects/ModificadoresAcesso/src/pacote/dois/ClasseE.java</file>
            <file>file:/Users/mauro.hemerly/NetBeansProjects/ModificadoresAcesso/src/pacote/Um/ClasseB.java</file>
        </group>
    </open-files>
</project-private>
