<?xml version="1.0" encoding="UTF-8"?>
<project-private xmlns="http://www.netbeans.org/ns/project-private/1">
    <editor-bookmarks xmlns="http://www.netbeans.org/ns/editor-bookmarks/2" lastBookmarkId="0"/>
    <open-files xmlns="http://www.netbeans.org/ns/projectui-open-files/2">
        <group>
            <file>file:/Users/mauro.hemerly/NetBeansProjects/ListaExercicios/src/br/uemg/classes/Termometro.java</file>
            <file>file:/Users/mauro.hemerly/NetBeansProjects/ListaExercicios/src/br/uemg/principal/UsaCarro.java</file>
            <file>file:/Users/mauro.hemerly/NetBeansProjects/ListaExercicios/src/br/uemg/principal/UsaLivro.java</file>
            <file>file:/Users/mauro.hemerly/NetBeansProjects/ListaExercicios/src/br/uemg/principal/UsaTermometro.java</file>
            <file>file:/Users/mauro.hemerly/NetBeansProjects/ListaExercicios/src/br/uemg/classes/Televisao.java</file>
            <file>file:/Users/mauro.hemerly/NetBeansProjects/ListaExercicios/src/br/uemg/principal/UsaTelevisao.java</file>
            <file>file:/Users/mauro.hemerly/NetBeansProjects/ListaExercicios/src/br/uemg/classes/Carro.java</file>
            <file>file:/Users/mauro.hemerly/NetBeansProjects/ListaExercicios/src/br/uemg/classes/Livro.java</file>
        </group>
    </open-files>
</project-private>
