<?xml version="1.0" encoding="UTF-8"?>
<project-private xmlns="http://www.netbeans.org/ns/project-private/1">
    <editor-bookmarks xmlns="http://www.netbeans.org/ns/editor-bookmarks/2" lastBookmarkId="0"/>
    <open-files xmlns="http://www.netbeans.org/ns/projectui-open-files/2">
        <group>
            <file>file:/Users/mauro.hemerly/NetBeansProjects/BD2-TRAB2/src/classes/Aluno.java</file>
            <file>file:/Users/mauro.hemerly/NetBeansProjects/BD2-TRAB2/src/classes/Curso.java</file>
            <file>file:/Users/mauro.hemerly/NetBeansProjects/BD2-TRAB2/src/classes/Turma.java</file>
            <file>file:/Users/mauro.hemerly/NetBeansProjects/BD2-TRAB2/src/classes/Matricula.java</file>
            <file>file:/Users/mauro.hemerly/NetBeansProjects/BD2-TRAB2/src/classes/Disciplina.java</file>
            <file>file:/Users/mauro.hemerly/NetBeansProjects/BD2-TRAB2/src/principal/UsaAlunoDisciplina.java</file>
        </group>
    </open-files>
</project-private>
